Time,ObjectX,ObjectY,ObjectZ,CameraX,CameraY,CameraZ,Distance,DeltaDistance,InitialDistance
3.46,0.0000,1.5000,1.5000,0.0547,1.5649,-0.1397,1.6418,0.0000,1.6418
3.56,0.0000,1.5000,1.5000,0.0511,1.5646,-0.1633,1.6653,0.0235,1.6418
3.66,0.0000,1.5000,1.5000,0.0578,1.5672,-0.1838,1.6861,0.0443,1.6418
3.76,0.0000,1.5000,1.5000,0.0591,1.5656,-0.2057,1.7080,0.0662,1.6418
3.87,0.0000,1.5000,1.5000,0.0642,1.5707,-0.2276,1.7303,0.0884,1.6418
4.00,0.0000,1.5000,1.5000,0.0709,1.5785,-0.2582,1.7614,0.1195,1.6418
4.13,0.0000,1.5000,1.5000,0.0774,1.5759,-0.2799,1.7832,0.1413,1.6418
4.26,0.0000,1.5000,1.5000,0.0829,1.5782,-0.2961,1.7997,0.1579,1.6418
4.36,0.0000,1.5000,1.5000,0.0817,1.5808,-0.3092,1.8128,0.1710,1.6418
4.46,0.0000,1.5000,1.5000,0.0863,1.5802,-0.3163,1.8202,0.1783,1.6418
4.56,0.0000,1.5000,1.5000,0.0851,1.5826,-0.3244,1.8282,0.1864,1.6418
4.69,0.0000,1.5000,1.5000,0.0844,1.5794,-0.3272,1.8309,0.1890,1.6418
4.83,0.0000,1.5000,1.5000,0.0813,1.5785,-0.3341,1.8376,0.1957,1.6418
4.93,0.0000,1.5000,1.5000,0.0806,1.5767,-0.3402,1.8435,0.2017,1.6418
5.06,0.0000,1.5000,1.5000,0.0801,1.5747,-0.3514,1.8546,0.2128,1.6418
5.16,0.0000,1.5000,1.5000,0.0797,1.5739,-0.3623,1.8655,0.2237,1.6418
5.26,0.0000,1.5000,1.5000,0.0803,1.5752,-0.3750,1.8782,0.2364,1.6418
5.36,0.0000,1.5000,1.5000,0.0824,1.5770,-0.3920,1.8953,0.2535,1.6418
5.49,0.0000,1.5000,1.5000,0.0856,1.5796,-0.4195,1.9231,0.2812,1.6418
5.63,0.0000,1.5000,1.5000,0.0884,1.5814,-0.4474,1.9511,0.3093,1.6418
5.73,0.0000,1.5000,1.5000,0.0909,1.5798,-0.4601,1.9638,0.3220,1.6418
5.86,0.0000,1.5000,1.5000,0.0933,1.5748,-0.4662,1.9698,0.3279,1.6418
5.96,0.0000,1.5000,1.5000,0.0922,1.5744,-0.4659,1.9695,0.3276,1.6418
6.09,0.0000,1.5000,1.5000,0.0886,1.5738,-0.4506,1.9540,0.3122,1.6418
6.23,0.0000,1.5000,1.5000,0.0691,1.5811,-0.4130,1.9160,0.2741,1.6418
6.33,0.0000,1.5000,1.5000,0.0421,1.5879,-0.3669,1.8695,0.2276,1.6418
6.43,0.0000,1.5000,1.5000,-0.0010,1.5893,-0.3093,1.8115,0.1697,1.6418
6.53,0.0000,1.5000,1.5000,-0.0583,1.5753,-0.2545,1.7571,0.1152,1.6418
6.66,0.0000,1.5000,1.5000,-0.1357,1.5939,-0.1952,1.7033,0.0614,1.6418
6.76,0.0000,1.5000,1.5000,-0.1991,1.6434,-0.1772,1.6950,0.0532,1.6418
6.86,0.0000,1.5000,1.5000,-0.2508,1.7354,-0.1812,1.7160,0.0742,1.6418
6.99,0.0000,1.5000,1.5000,-0.3104,1.8698,-0.2076,1.7746,0.1327,1.6418
7.13,0.0000,1.5000,1.5000,-0.3600,1.9748,-0.2452,1.8441,0.2023,1.6418
7.26,0.0000,1.5000,1.5000,-0.3942,2.0106,-0.2602,1.8747,0.2328,1.6418
7.40,0.0000,1.5000,1.5000,-0.4369,2.0115,-0.2712,1.8946,0.2528,1.6418
7.53,0.0000,1.5000,1.5000,-0.5028,2.0052,-0.2790,1.9165,0.2746,1.6418
7.63,0.0000,1.5000,1.5000,-0.5086,2.0190,-0.2458,1.8910,0.2491,1.6418
7.76,0.0000,1.5000,1.5000,-0.5348,2.0184,-0.2094,1.8646,0.2228,1.6418
7.86,0.0000,1.5000,1.5000,-0.5693,2.0209,-0.1930,1.8606,0.2187,1.6418
7.99,0.0000,1.5000,1.5000,-0.6411,2.0144,-0.1803,1.8705,0.2287,1.6418
8.09,0.0000,1.5000,1.5000,-0.7168,2.0040,-0.1878,1.9017,0.2599,1.6418
8.23,0.0000,1.5000,1.5000,-0.8636,1.9819,-0.2472,2.0076,0.3658,1.6418
8.33,0.0000,1.5000,1.5000,-0.9936,1.9679,-0.2917,2.1015,0.4597,1.6418
8.43,0.0000,1.5000,1.5000,-1.1205,1.9654,-0.3384,2.2027,0.5608,1.6418
8.53,0.0000,1.5000,1.5000,-1.2084,1.9824,-0.3628,2.2722,0.6304,1.6418
8.66,0.0000,1.5000,1.5000,-1.2926,1.9861,-0.3819,2.3342,0.6924,1.6418
8.76,0.0000,1.5000,1.5000,-1.3520,1.9797,-0.3800,2.3648,0.7229,1.6418
8.86,0.0000,1.5000,1.5000,-1.4134,1.9788,-0.3722,2.3942,0.7524,1.6418
9.01,0.0000,1.5000,1.5000,-1.4686,1.9748,-0.3096,2.3784,0.7366,1.6418
9.13,0.0000,1.5000,1.5000,-1.5258,1.9842,-0.2579,2.3775,0.7357,1.6418
9.23,0.0000,1.5000,1.5000,-1.5834,1.9836,-0.2239,2.3901,0.7483,1.6418
9.33,0.0000,1.5000,1.5000,-1.6359,1.9937,-0.1992,2.4098,0.7679,1.6418
9.46,0.0000,1.5000,1.5000,-1.6958,2.0048,-0.1850,2.4433,0.8014,1.6418
9.56,0.0000,1.5000,1.5000,-1.7478,1.9906,-0.1785,2.4724,0.8305,1.6418
9.69,0.0000,1.5000,1.5000,-1.8464,1.9766,-0.1846,2.5445,0.9026,1.6418
9.79,0.0000,1.5000,1.5000,-1.9582,1.9635,-0.1761,2.6190,0.9771,1.6418
9.89,0.0000,1.5000,1.5000,-2.0704,1.9749,-0.1546,2.6925,1.0507,1.6418
10.03,0.0000,1.5000,1.5000,-2.1624,2.0020,-0.1274,2.7525,1.1107,1.6418
10.16,0.0000,1.5000,1.5000,-2.2316,2.0134,-0.0964,2.7914,1.1496,1.6418
10.26,0.0000,1.5000,1.5000,-2.2829,2.0021,-0.0523,2.8060,1.1641,1.6418
10.36,0.0000,1.5000,1.5000,-2.3356,1.9832,0.0067,2.8140,1.1721,1.6418
10.49,0.0000,1.5000,1.5000,-2.3704,1.9723,0.1007,2.7928,1.1510,1.6418
10.59,0.0000,1.5000,1.5000,-2.3863,1.9870,0.1758,2.7722,1.1304,1.6418
10.73,0.0000,1.5000,1.5000,-2.4309,2.0109,0.2624,2.7752,1.1334,1.6418
10.86,0.0000,1.5000,1.5000,-2.4635,2.0092,0.3556,2.7637,1.1218,1.6418
10.96,0.0000,1.5000,1.5000,-2.4827,1.9965,0.4330,2.7475,1.1057,1.6418
11.06,0.0000,1.5000,1.5000,-2.5065,1.9828,0.5097,2.7379,1.0960,1.6418
11.19,0.0000,1.5000,1.5000,-2.5376,1.9787,0.6243,2.7268,1.0850,1.6418
11.33,0.0000,1.5000,1.5000,-2.5631,2.0073,0.7463,2.7193,1.0775,1.6418
11.43,0.0000,1.5000,1.5000,-2.5604,2.0148,0.8228,2.6980,1.0561,1.6418
11.56,0.0000,1.5000,1.5000,-2.5576,2.0176,0.9195,2.6732,1.0314,1.6418
11.66,0.0000,1.5000,1.5000,-2.5455,2.0037,0.9933,2.6439,1.0020,1.6418
11.79,0.0000,1.5000,1.5000,-2.5187,1.9858,1.0924,2.5973,0.9554,1.6418
11.89,0.0000,1.5000,1.5000,-2.4877,1.9810,1.1755,2.5545,0.9126,1.6418
11.99,0.0000,1.5000,1.5000,-2.4699,2.0145,1.2550,2.5348,0.8930,1.6418
12.09,0.0000,1.5000,1.5000,-2.4455,1.9985,1.3406,2.5009,0.8590,1.6418
12.23,0.0000,1.5000,1.5000,-2.4199,2.0028,1.4492,2.4721,0.8302,1.6418
12.36,0.0000,1.5000,1.5000,-2.3817,1.9915,1.5427,2.4323,0.7904,1.6418
12.49,0.0000,1.5000,1.5000,-2.3646,1.9833,1.6658,2.4192,0.7774,1.6418
12.59,0.0000,1.5000,1.5000,-2.3413,1.9874,1.7530,2.4049,0.7630,1.6418
12.73,0.0000,1.5000,1.5000,-2.3027,2.0049,1.8322,2.3807,0.7388,1.6418
12.83,0.0000,1.5000,1.5000,-2.2600,2.0124,1.8672,2.3463,0.7045,1.6418
12.96,0.0000,1.5000,1.5000,-2.2048,2.0136,1.9448,2.3071,0.6653,1.6418
13.06,0.0000,1.5000,1.5000,-2.1435,2.0017,1.9516,2.2473,0.6055,1.6418
13.19,0.0000,1.5000,1.5000,-2.0527,1.9831,1.9719,2.1609,0.5191,1.6418
13.33,0.0000,1.5000,1.5000,-1.9500,2.0027,1.9861,2.0716,0.4297,1.6418
13.46,0.0000,1.5000,1.5000,-1.8636,2.0069,2.0093,1.9973,0.3555,1.6418
13.56,0.0000,1.5000,1.5000,-1.8053,2.0110,2.0293,1.9495,0.3076,1.6418
13.66,0.0000,1.5000,1.5000,-1.7466,2.0100,2.0393,1.8978,0.2560,1.6418
13.79,0.0000,1.5000,1.5000,-1.6674,1.9918,2.0621,1.8271,0.1852,1.6418
13.90,0.0000,1.5000,1.5000,-1.5921,1.9880,2.1011,1.7703,0.1285,1.6418
14.03,0.0000,1.5000,1.5000,-1.4867,2.0040,2.1356,1.6936,0.0517,1.6418
14.16,0.0000,1.5000,1.5000,-1.3869,2.0042,2.1423,1.6095,-0.0324,1.6418
14.29,0.0000,1.5000,1.5000,-1.3075,1.9988,2.1541,1.5447,-0.0971,1.6418
14.39,0.0000,1.5000,1.5000,-1.2557,2.0018,2.1466,1.4989,-0.1430,1.6418
14.50,0.0000,1.5000,1.5000,-1.2055,1.9971,2.1355,1.4506,-0.1913,1.6418
14.63,0.0000,1.5000,1.5000,-1.1363,1.9828,2.1098,1.3770,-0.2649,1.6418
14.73,0.0000,1.5000,1.5000,-1.0884,1.9776,2.0674,1.3171,-0.3248,1.6418
14.86,0.0000,1.5000,1.5000,-1.0100,1.9907,2.0183,1.2367,-0.4051,1.6418
14.99,0.0000,1.5000,1.5000,-0.9176,1.9759,1.9559,1.1297,-0.5121,1.6418
15.09,0.0000,1.5000,1.5000,-0.8547,1.9819,1.9203,1.0675,-0.5744,1.6418
15.19,0.0000,1.5000,1.5000,-0.7972,1.9776,1.8927,1.0088,-0.6330,1.6418
15.33,0.0000,1.5000,1.5000,-0.7066,1.9627,1.8606,0.9184,-0.7235,1.6418
15.47,0.0000,1.5000,1.5000,-0.6308,1.9588,1.8525,0.8559,-0.7859,1.6418
15.57,0.0000,1.5000,1.5000,-0.5337,1.9712,1.8376,0.7880,-0.8539,1.6418
15.69,0.0000,1.5000,1.5000,-0.4588,1.9619,1.8169,0.7241,-0.9178,1.6418
15.80,0.0000,1.5000,1.5000,-0.4286,1.9610,1.8105,0.7019,-0.9400,1.6418
15.93,0.0000,1.5000,1.5000,-0.3879,1.9771,1.8036,0.6858,-0.9561,1.6418
16.03,0.0000,1.5000,1.5000,-0.3591,1.9726,1.7938,0.6623,-0.9795,1.6418
16.16,0.0000,1.5000,1.5000,-0.3162,1.9738,1.7730,0.6317,-1.0102,1.6418
16.30,0.0000,1.5000,1.5000,-0.2717,1.9710,1.7346,0.5922,-1.0496,1.6418
16.40,0.0000,1.5000,1.5000,-0.2333,1.9699,1.7023,0.5623,-1.0796,1.6418
16.53,0.0000,1.5000,1.5000,-0.1793,1.9792,1.6492,0.5329,-1.1089,1.6418
16.66,0.0000,1.5000,1.5000,-0.1420,1.9831,1.6086,0.5151,-1.1267,1.6418
16.76,0.0000,1.5000,1.5000,-0.1182,1.9854,1.5818,0.5062,-1.1356,1.6418
16.90,0.0000,1.5000,1.5000,-0.0942,1.9846,1.5533,0.4966,-1.1453,1.6418
17.01,0.0000,1.5000,1.5000,-0.0791,1.9832,1.5343,0.4908,-1.1510,1.6418
17.13,0.0000,1.5000,1.5000,-0.0687,1.9783,1.5205,0.4837,-1.1582,1.6418
17.23,0.0000,1.5000,1.5000,-0.0677,1.9744,1.5139,0.4794,-1.1624,1.6418
17.36,0.0000,1.5000,1.5000,-0.0684,1.9738,1.5069,0.4788,-1.1631,1.6418
17.46,0.0000,1.5000,1.5000,-0.0754,1.9739,1.5085,0.4799,-1.1620,1.6418
17.60,0.0000,1.5000,1.5000,-0.0949,1.9740,1.5130,0.4836,-1.1582,1.6418
17.73,0.0000,1.5000,1.5000,-0.1254,1.9805,1.5264,0.4973,-1.1445,1.6418
17.83,0.0000,1.5000,1.5000,-0.1637,1.9799,1.5446,0.5090,-1.1328,1.6418
17.96,0.0000,1.5000,1.5000,-0.2406,1.9895,1.5855,0.5521,-1.0898,1.6418
18.06,0.0000,1.5000,1.5000,-0.3109,1.9879,1.6314,0.5933,-1.0485,1.6418
18.19,0.0000,1.5000,1.5000,-0.3979,1.9853,1.6952,0.6572,-0.9847,1.6418
18.30,0.0000,1.5000,1.5000,-0.4552,1.9821,1.7334,0.7029,-0.9389,1.6418
18.40,0.0000,1.5000,1.5000,-0.5112,1.9972,1.7591,0.7587,-0.8832,1.6418
18.53,0.0000,1.5000,1.5000,-0.5945,2.0025,1.7796,0.8271,-0.8147,1.6418
18.63,0.0000,1.5000,1.5000,-0.6642,2.0050,1.7847,0.8816,-0.7602,1.6418
18.76,0.0000,1.5000,1.5000,-0.7604,2.0027,1.7748,0.9521,-0.6898,1.6418
18.90,0.0000,1.5000,1.5000,-0.8341,1.9864,1.7492,0.9972,-0.6447,1.6418
19.03,0.0000,1.5000,1.5000,-0.9150,1.9966,1.7491,1.0705,-0.5713,1.6418
19.13,0.0000,1.5000,1.5000,-0.9811,2.0044,1.7699,1.1357,-0.5062,1.6418
19.26,0.0000,1.5000,1.5000,-1.0727,1.9938,1.8146,1.2221,-0.4198,1.6418
19.36,0.0000,1.5000,1.5000,-1.1426,2.0034,1.8683,1.3017,-0.3401,1.6418
19.49,0.0000,1.5000,1.5000,-1.2245,1.9842,1.9526,1.3924,-0.2495,1.6418
19.59,0.0000,1.5000,1.5000,-1.2801,1.9734,2.0187,1.4601,-0.1818,1.6418
19.69,0.0000,1.5000,1.5000,-1.3418,1.9868,2.0666,1.5357,-0.1062,1.6418
19.80,0.0000,1.5000,1.5000,-1.4114,2.0096,2.0975,1.6152,-0.0267,1.6418
19.93,0.0000,1.5000,1.5000,-1.5032,2.0104,2.1382,1.7110,0.0691,1.6418
20.06,0.0000,1.5000,1.5000,-1.6025,2.0115,2.1648,1.8087,0.1669,1.6418
20.16,0.0000,1.5000,1.5000,-1.6738,1.9885,2.1741,1.8694,0.2275,1.6418
20.29,0.0000,1.5000,1.5000,-1.7492,1.9878,2.1810,1.9395,0.2976,1.6418
20.43,0.0000,1.5000,1.5000,-1.8165,2.0130,2.2066,2.0155,0.3736,1.6418
20.56,0.0000,1.5000,1.5000,-1.8778,2.0092,2.2371,2.0806,0.4387,1.6418
20.69,0.0000,1.5000,1.5000,-1.9299,2.0185,2.2811,2.1455,0.5037,1.6418
20.83,0.0000,1.5000,1.5000,-1.9575,2.0151,2.3307,2.1879,0.5461,1.6418
20.96,0.0000,1.5000,1.5000,-1.9569,2.0035,2.3750,2.2019,0.5601,1.6418
21.09,0.0000,1.5000,1.5000,-1.9677,2.0061,2.3955,2.2204,0.5785,1.6418
21.23,0.0000,1.5000,1.5000,-1.9784,2.0117,2.3963,2.2314,0.5896,1.6418
21.33,0.0000,1.5000,1.5000,-1.9781,2.0132,2.3874,2.2279,0.5861,1.6418
21.46,0.0000,1.5000,1.5000,-1.9719,2.0011,2.3551,2.2070,0.5652,1.6418
21.56,0.0000,1.5000,1.5000,-1.9592,1.9919,2.3229,2.1812,0.5393,1.6418
21.69,0.0000,1.5000,1.5000,-1.9298,1.9397,2.2977,2.1340,0.4921,1.6418
21.83,0.0000,1.5000,1.5000,-1.9014,1.8279,2.2904,2.0851,0.4433,1.6418
21.93,0.0000,1.5000,1.5000,-1.8833,1.7150,2.2827,2.0508,0.4090,1.6418
22.03,0.0000,1.5000,1.5000,-1.8711,1.6114,2.2811,2.0306,0.3888,1.6418
22.16,0.0000,1.5000,1.5000,-1.8486,1.4572,2.2801,2.0069,0.3651,1.6418
22.29,0.0000,1.5000,1.5000,-1.8501,1.3085,2.2871,2.0196,0.3778,1.6418
22.43,0.0000,1.5000,1.5000,-1.8835,1.2503,2.2898,2.0575,0.4157,1.6418
22.56,0.0000,1.5000,1.5000,-1.8895,1.3194,2.3058,2.0621,0.4202,1.6418
22.69,0.0000,1.5000,1.5000,-1.8914,1.4862,2.3072,2.0565,0.4146,1.6418
22.83,0.0000,1.5000,1.5000,-1.9081,1.6504,2.3313,2.0867,0.4449,1.6418
22.93,0.0000,1.5000,1.5000,-1.9182,1.7739,2.3496,2.1158,0.4739,1.6418
23.03,0.0000,1.5000,1.5000,-1.9275,1.8918,2.3714,2.1513,0.5095,1.6418
23.16,0.0000,1.5000,1.5000,-1.9558,2.0001,2.3913,2.2067,0.5649,1.6418
23.26,0.0000,1.5000,1.5000,-1.9846,2.0345,2.4021,2.2446,0.6027,1.6418
23.36,0.0000,1.5000,1.5000,-2.0071,2.0251,2.4070,2.2642,0.6224,1.6418
23.46,0.0000,1.5000,1.5000,-2.0283,2.0302,2.4023,2.2824,0.6406,1.6418
23.59,0.0000,1.5000,1.5000,-2.0666,2.0299,2.3761,2.3064,0.6645,1.6418
23.69,0.0000,1.5000,1.5000,-2.1044,2.0320,2.3284,2.3233,0.6814,1.6418
23.83,0.0000,1.5000,1.5000,-2.1971,2.0190,2.2132,2.3675,0.7257,1.6418
23.96,0.0000,1.5000,1.5000,-2.3451,1.9862,2.0658,2.4609,0.8191,1.6418
24.09,0.0000,1.5000,1.5000,-2.4111,1.9995,1.9461,2.5024,0.8605,1.6418
24.20,0.0000,1.5000,1.5000,-2.4240,2.0115,1.8650,2.5041,0.8623,1.6418
24.33,0.0000,1.5000,1.5000,-2.4029,2.0124,1.8252,2.4784,0.8365,1.6418
24.46,0.0000,1.5000,1.5000,-2.4085,1.9965,1.7547,2.4723,0.8305,1.6418
24.56,0.0000,1.5000,1.5000,-2.4156,1.9844,1.6913,2.4711,0.8293,1.6418
24.69,0.0000,1.5000,1.5000,-2.4156,1.9852,1.5777,2.4651,0.8232,1.6418
24.79,0.0000,1.5000,1.5000,-2.4245,1.9950,1.4831,2.4746,0.8328,1.6418
24.93,0.0000,1.5000,1.5000,-2.4558,2.0110,1.3731,2.5116,0.8698,1.6418
25.06,0.0000,1.5000,1.5000,-2.4983,2.0035,1.2740,2.5586,0.9167,1.6418
25.16,0.0000,1.5000,1.5000,-2.5465,1.9878,1.1923,2.6110,0.9692,1.6418
25.29,0.0000,1.5000,1.5000,-2.6250,1.9675,1.0672,2.7012,1.0594,1.6418
25.39,0.0000,1.5000,1.5000,-2.6869,2.0014,0.9767,2.7829,1.1411,1.6418
25.49,0.0000,1.5000,1.5000,-2.7244,2.0155,0.9144,2.8339,1.1920,1.6418
25.63,0.0000,1.5000,1.5000,-2.7522,2.0148,0.8238,2.8804,1.2386,1.6418
25.76,0.0000,1.5000,1.5000,-2.7580,2.0033,0.7334,2.9065,1.2646,1.6418
25.89,0.0000,1.5000,1.5000,-2.7300,1.9892,0.6427,2.9030,1.2611,1.6418
26.03,0.0000,1.5000,1.5000,-2.8165,2.0085,0.4400,3.0520,1.4102,1.6418
26.13,0.0000,1.5000,1.5000,-2.8800,1.9921,0.4523,3.1039,1.4621,1.6418
26.23,0.0000,1.5000,1.5000,-2.8642,1.9968,0.4238,3.0998,1.4579,1.6418
26.36,0.0000,1.5000,1.5000,-2.8825,1.9935,0.3094,3.1575,1.5156,1.6418
26.49,0.0000,1.5000,1.5000,-2.8703,1.9943,0.1794,3.1979,1.5561,1.6418
26.63,0.0000,1.5000,1.5000,-2.7702,1.9897,0.0919,3.1459,1.5041,1.6418
26.73,0.0000,1.5000,1.5000,-2.7635,1.9944,0.0856,3.1435,1.5017,1.6418
26.86,0.0000,1.5000,1.5000,-2.7982,1.9857,0.1150,3.1597,1.5179,1.6418
26.96,0.0000,1.5000,1.5000,-2.8561,1.9831,0.1154,3.2106,1.5687,1.6418
27.06,0.0000,1.5000,1.5000,-2.7875,1.9866,0.1119,3.1518,1.5100,1.6418
27.17,0.0000,1.5000,1.5000,-2.7801,2.0086,-0.0232,3.2105,1.5687,1.6418
27.29,0.0000,1.5000,1.5000,-2.9100,1.9641,-0.1233,3.3643,1.7224,1.6418
27.40,0.0000,1.5000,1.5000,-2.8752,1.9815,-0.1384,3.3441,1.7022,1.6418
27.53,0.0000,1.5000,1.5000,-2.8361,1.9880,-0.1578,3.3212,1.6793,1.6418
27.66,0.0000,1.5000,1.5000,-2.7473,1.9959,-0.0496,3.1929,1.5511,1.6418
27.76,0.0000,1.5000,1.5000,-2.7459,1.9868,0.0165,3.1588,1.5170,1.6418
27.89,0.0000,1.5000,1.5000,-2.6720,1.9888,0.0340,3.0867,1.4448,1.6418
27.99,0.0000,1.5000,1.5000,-2.6819,1.9847,0.0283,3.0973,1.4555,1.6418
28.13,0.0000,1.5000,1.5000,-2.6916,1.9904,0.1150,3.0665,1.4247,1.6418
28.26,0.0000,1.5000,1.5000,-2.7048,2.0228,0.1441,3.0705,1.4286,1.6418
28.36,0.0000,1.5000,1.5000,-2.7270,2.0563,0.1336,3.1005,1.4587,1.6418
28.49,0.0000,1.5000,1.5000,-2.7148,2.0578,0.1187,3.0967,1.4548,1.6418
28.59,0.0000,1.5000,1.5000,-2.6876,2.0158,0.1058,3.0713,1.4295,1.6418
28.73,0.0000,1.5000,1.5000,-2.6905,1.9499,0.0662,3.0817,1.4399,1.6418
28.86,0.0000,1.5000,1.5000,-2.6817,1.9975,0.0457,3.0909,1.4491,1.6418
28.99,0.0000,1.5000,1.5000,-2.7162,2.0410,0.0238,3.1384,1.4966,1.6418
29.13,0.0000,1.5000,1.5000,-2.6932,2.0285,0.0221,3.1172,1.4753,1.6418
29.23,0.0000,1.5000,1.5000,-2.6826,1.9869,0.0231,3.1007,1.4589,1.6418
29.36,0.0000,1.5000,1.5000,-2.6856,1.9761,0.0194,3.1035,1.4616,1.6418
29.46,0.0000,1.5000,1.5000,-2.7558,1.9619,0.1135,3.1193,1.4775,1.6418
29.56,0.0000,1.5000,1.5000,-2.7221,1.9802,0.0837,3.1058,1.4640,1.6418
29.69,0.0000,1.5000,1.5000,-2.7362,1.9851,0.0823,3.1196,1.4778,1.6418
29.79,0.0000,1.5000,1.5000,-2.6847,1.9777,-0.0232,3.1234,1.4816,1.6418
29.89,0.0000,1.5000,1.5000,-2.6785,1.9706,0.0587,3.0778,1.4360,1.6418
30.03,0.0000,1.5000,1.5000,-2.7049,1.9432,0.0958,3.0797,1.4379,1.6418
30.16,0.0000,1.5000,1.5000,-2.7054,1.8968,0.1371,3.0552,1.4134,1.6418
30.26,0.0000,1.5000,1.5000,-2.6836,1.8253,0.1744,3.0107,1.3689,1.6418
30.36,0.0000,1.5000,1.5000,-2.6655,1.7432,0.1928,2.9788,1.3369,1.6418
30.49,0.0000,1.5000,1.5000,-2.6425,1.6604,0.2085,2.9456,1.3037,1.6418
30.60,0.0000,1.5000,1.5000,-2.6230,1.6279,0.2132,2.9244,1.2826,1.6418
30.70,0.0000,1.5000,1.5000,-2.6101,1.6248,0.2076,2.9152,1.2734,1.6418
30.83,0.0000,1.5000,1.5000,-2.5941,1.6890,0.1847,2.9146,1.2727,1.6418
30.93,0.0000,1.5000,1.5000,-2.5853,1.7835,0.1656,2.9231,1.2813,1.6418
31.06,0.0000,1.5000,1.5000,-2.6122,1.8964,0.1193,2.9811,1.3392,1.6418
31.16,0.0000,1.5000,1.5000,-2.6280,1.9588,0.1018,3.0120,1.3702,1.6418
31.26,0.0000,1.5000,1.5000,-2.6496,1.9891,0.0917,3.0402,1.3984,1.6418
31.36,0.0000,1.5000,1.5000,-2.6610,2.0014,0.0745,3.0601,1.4183,1.6418
31.49,0.0000,1.5000,1.5000,-2.6615,2.0045,0.0542,3.0706,1.4287,1.6418
31.63,0.0000,1.5000,1.5000,-2.6343,2.0685,0.1177,3.0288,1.3869,1.6418
31.73,0.0000,1.5000,1.5000,-2.6232,1.9504,0.0626,3.0249,1.3831,1.6418
31.86,0.0000,1.5000,1.5000,-2.6776,1.9681,0.0664,3.0731,1.4312,1.6418
31.99,0.0000,1.5000,1.5000,-2.6550,2.0131,0.0818,3.0534,1.4116,1.6418
32.10,0.0000,1.5000,1.5000,-2.6458,2.0156,0.0716,3.0506,1.4088,1.6418
32.24,0.0000,1.5000,1.5000,-2.6572,2.0345,0.0635,3.0675,1.4257,1.6418
32.36,0.0000,1.5000,1.5000,-2.6709,2.0501,0.0578,3.0848,1.4430,1.6418
32.49,0.0000,1.5000,1.5000,-2.6813,2.0522,0.0507,3.0975,1.4556,1.6418
32.59,0.0000,1.5000,1.5000,-2.6866,2.0516,0.0445,3.1049,1.4631,1.6418
32.73,0.0000,1.5000,1.5000,-2.6845,2.0512,0.0356,3.1073,1.4654,1.6418
32.83,0.0000,1.5000,1.5000,-2.6868,2.0542,0.0301,3.1123,1.4705,1.6418
32.96,0.0000,1.5000,1.5000,-2.6852,2.0520,0.0273,3.1119,1.4701,1.6418
33.09,0.0000,1.5000,1.5000,-2.6763,2.0406,0.0307,3.1006,1.4588,1.6418
33.23,0.0000,1.5000,1.5000,-2.6641,2.0213,0.0340,3.0852,1.4434,1.6418
33.33,0.0000,1.5000,1.5000,-2.6597,2.0084,0.0392,3.0767,1.4349,1.6418
33.46,0.0000,1.5000,1.5000,-2.6498,1.9967,0.0445,3.0638,1.4219,1.6418
33.56,0.0000,1.5000,1.5000,-2.6477,1.9918,0.0439,3.0614,1.4196,1.6418
33.69,0.0000,1.5000,1.5000,-2.6824,2.0021,0.0729,3.0796,1.4378,1.6418
33.79,0.0000,1.5000,1.5000,-2.6507,1.9923,0.0506,3.0609,1.4191,1.6418
33.89,0.0000,1.5000,1.5000,-2.6369,2.0075,0.0164,3.0679,1.4261,1.6418
34.03,0.0000,1.5000,1.5000,-2.6148,2.0092,-0.0468,3.0805,1.4386,1.6418
34.13,0.0000,1.5000,1.5000,-2.5994,2.0091,-0.0306,3.0592,1.4173,1.6418
34.23,0.0000,1.5000,1.5000,-2.5943,2.0160,-0.0306,3.0561,1.4142,1.6418
34.33,0.0000,1.5000,1.5000,-2.5719,2.0096,-0.0517,3.0467,1.4048,1.6418
34.46,0.0000,1.5000,1.5000,-2.5556,2.0068,-0.0792,3.0466,1.4047,1.6418
34.57,0.0000,1.5000,1.5000,-2.5413,2.0036,-0.0919,3.0407,1.3988,1.6418
34.69,0.0000,1.5000,1.5000,-2.4999,2.0013,-0.1041,3.0123,1.3704,1.6418
34.79,0.0000,1.5000,1.5000,-2.4508,2.0005,-0.1072,2.9732,1.3313,1.6418
34.90,0.0000,1.5000,1.5000,-2.3967,1.9918,-0.1106,2.9292,1.2873,1.6418
35.03,0.0000,1.5000,1.5000,-2.3186,1.9844,-0.1095,2.8637,1.2219,1.6418
35.13,0.0000,1.5000,1.5000,-2.2547,1.9986,-0.1110,2.8156,1.1738,1.6418
35.23,0.0000,1.5000,1.5000,-2.1906,2.0090,-0.1279,2.7763,1.1345,1.6418
35.36,0.0000,1.5000,1.5000,-2.1240,2.0042,-0.1576,2.7410,1.0992,1.6418
35.49,0.0000,1.5000,1.5000,-2.0695,2.0120,-0.1828,2.7160,1.0742,1.6418
35.63,0.0000,1.5000,1.5000,-2.0139,2.0090,-0.2163,2.6945,1.0527,1.6418
35.76,0.0000,1.5000,1.5000,-1.9646,2.0087,-0.2440,2.6758,1.0340,1.6418
35.89,0.0000,1.5000,1.5000,-1.9219,2.0054,-0.2621,2.6560,1.0142,1.6418
35.99,0.0000,1.5000,1.5000,-1.8972,2.0079,-0.2560,2.6346,0.9927,1.6418
36.13,0.0000,1.5000,1.5000,-1.8980,1.9997,-0.2374,2.6211,0.9793,1.6418
36.23,0.0000,1.5000,1.5000,-1.9260,1.9937,-0.2038,2.6185,0.9766,1.6418
36.33,0.0000,1.5000,1.5000,-1.9828,1.9852,-0.1579,2.6297,0.9879,1.6418
36.43,0.0000,1.5000,1.5000,-2.0645,1.9781,-0.1021,2.6565,1.0147,1.6418
36.53,0.0000,1.5000,1.5000,-2.1603,1.9592,-0.0370,2.6908,1.0489,1.6418
36.63,0.0000,1.5000,1.5000,-2.2584,1.9414,0.0394,2.7255,1.0837,1.6418
36.76,0.0000,1.5000,1.5000,-2.3461,1.9753,0.1494,2.7484,1.1066,1.6418
36.86,0.0000,1.5000,1.5000,-2.3947,1.9853,0.2475,2.7457,1.1039,1.6418
36.99,0.0000,1.5000,1.5000,-2.4433,1.9215,0.3961,2.7141,1.0722,1.6418
37.13,0.0000,1.5000,1.5000,-2.4642,1.8971,0.5753,2.6618,1.0199,1.6418
37.23,0.0000,1.5000,1.5000,-2.4732,1.9297,0.7056,2.6330,0.9911,1.6418
37.36,0.0000,1.5000,1.5000,-2.5069,1.9877,0.8473,2.6360,0.9941,1.6418
37.50,0.0000,1.5000,1.5000,-2.5292,1.9931,1.0014,2.6246,0.9828,1.6418
37.63,0.0000,1.5000,1.5000,-2.5448,1.9714,1.1712,2.6089,0.9670,1.6418
37.73,0.0000,1.5000,1.5000,-2.5550,1.9501,1.3088,2.6014,0.9596,1.6418
37.86,0.0000,1.5000,1.5000,-2.5411,2.0020,1.4529,2.5906,0.9488,1.6418
37.99,0.0000,1.5000,1.5000,-2.5037,2.0372,1.5728,2.5617,0.9198,1.6418
38.13,0.0000,1.5000,1.5000,-2.4495,2.0084,1.6888,2.5088,0.8670,1.6418
38.26,0.0000,1.5000,1.5000,-2.3657,1.9722,1.7885,2.4296,0.7877,1.6418
38.36,0.0000,1.5000,1.5000,-2.2863,1.9681,1.8561,2.3608,0.7189,1.6418
38.49,0.0000,1.5000,1.5000,-2.1879,1.9784,1.9489,2.2841,0.6422,1.6418
38.63,0.0000,1.5000,1.5000,-2.1229,2.0025,2.0383,2.2470,0.6052,1.6418
38.73,0.0000,1.5000,1.5000,-2.0692,2.0131,2.1033,2.2156,0.5738,1.6418
38.83,0.0000,1.5000,1.5000,-2.0250,1.9991,2.1770,2.1927,0.5509,1.6418
38.96,0.0000,1.5000,1.5000,-1.9764,2.0189,2.2517,2.1772,0.5354,1.6418
39.09,0.0000,1.5000,1.5000,-1.9364,2.0333,2.2867,2.1571,0.5152,1.6418
39.19,0.0000,1.5000,1.5000,-1.9119,2.0358,2.2848,2.1350,0.4932,1.6418
39.29,0.0000,1.5000,1.5000,-1.9035,2.0308,2.2565,2.1160,0.4741,1.6418
39.43,0.0000,1.5000,1.5000,-1.9262,2.0154,2.1775,2.1059,0.4641,1.6418
39.53,0.0000,1.5000,1.5000,-1.9815,1.9961,2.0860,2.1251,0.4832,1.6418
39.63,0.0000,1.5000,1.5000,-2.0758,1.9817,1.9822,2.1849,0.5430,1.6418
39.76,0.0000,1.5000,1.5000,-2.1829,1.9904,1.8446,2.2637,0.6218,1.6418
39.86,0.0000,1.5000,1.5000,-2.2212,1.9885,1.7547,2.2885,0.6466,1.6418
39.96,0.0000,1.5000,1.5000,-2.2437,1.9706,1.6578,2.2980,0.6561,1.6418
40.06,0.0000,1.5000,1.5000,-2.2581,1.9526,1.5569,2.3037,0.6618,1.6418
40.17,0.0000,1.5000,1.5000,-2.2656,1.9299,1.4528,2.3065,0.6647,1.6418
40.29,0.0000,1.5000,1.5000,-2.2633,1.9111,1.2909,2.3098,0.6680,1.6418
40.43,0.0000,1.5000,1.5000,-2.2292,1.9499,1.1171,2.3061,0.6643,1.6418
40.56,0.0000,1.5000,1.5000,-2.2550,1.9513,0.9754,2.3588,0.7169,1.6418
40.69,0.0000,1.5000,1.5000,-2.2948,1.9386,0.8516,2.4246,0.7828,1.6418
40.79,0.0000,1.5000,1.5000,-2.3231,1.9115,0.7583,2.4731,0.8312,1.6418
40.89,0.0000,1.5000,1.5000,-2.3500,1.8991,0.6501,2.5307,0.8888,1.6418
41.03,0.0000,1.5000,1.5000,-2.3942,1.8933,0.4939,2.6266,0.9848,1.6418
41.13,0.0000,1.5000,1.5000,-2.3890,1.9165,0.3831,2.6698,1.0280,1.6418
41.26,0.0000,1.5000,1.5000,-2.3344,1.9412,0.2692,2.6756,1.0338,1.6418
41.36,0.0000,1.5000,1.5000,-2.2972,1.9301,0.1945,2.6770,1.0352,1.6418
41.49,0.0000,1.5000,1.5000,-2.2438,1.9205,0.0931,2.6815,1.0397,1.6418
41.59,0.0000,1.5000,1.5000,-2.1887,1.9013,-0.0032,2.6854,1.0435,1.6418
41.73,0.0000,1.5000,1.5000,-2.1275,1.9298,-0.1263,2.7122,1.0703,1.6418
41.83,0.0000,1.5000,1.5000,-2.0896,1.9562,-0.2042,2.7348,1.0929,1.6418
41.96,0.0000,1.5000,1.5000,-2.0192,1.9638,-0.2899,2.7378,1.0960,1.6418
42.09,0.0000,1.5000,1.5000,-1.9353,1.9524,-0.3751,2.7324,1.0905,1.6418
42.19,0.0000,1.5000,1.5000,-1.8689,1.9435,-0.4418,2.7313,1.0895,1.6418
42.33,0.0000,1.5000,1.5000,-1.7672,1.9574,-0.5011,2.7086,1.0668,1.6418
42.43,0.0000,1.5000,1.5000,-1.6756,1.9740,-0.5238,2.6699,1.0280,1.6418
42.56,0.0000,1.5000,1.5000,-1.5687,1.9805,-0.5086,2.5935,0.9517,1.6418
42.66,0.0000,1.5000,1.5000,-1.4723,1.9595,-0.4908,2.5184,0.8765,1.6418
42.79,0.0000,1.5000,1.5000,-1.3405,1.9591,-0.4547,2.4142,0.7724,1.6418
42.89,0.0000,1.5000,1.5000,-1.2368,1.9809,-0.4339,2.3454,0.7036,1.6418
42.99,0.0000,1.5000,1.5000,-1.1512,1.9836,-0.4351,2.3029,0.6611,1.6418
43.13,0.0000,1.5000,1.5000,-1.0479,2.0083,-0.4300,2.2542,0.6124,1.6418
43.23,0.0000,1.5000,1.5000,-0.9639,2.0058,-0.4174,2.2048,0.5630,1.6418
43.36,0.0000,1.5000,1.5000,-0.8460,1.9883,-0.4091,2.1445,0.5027,1.6418
43.46,0.0000,1.5000,1.5000,-0.7539,1.9738,-0.3936,2.0925,0.4506,1.6418
43.59,0.0000,1.5000,1.5000,-0.6076,1.9588,-0.3647,2.0141,0.3723,1.6418
43.69,0.0000,1.5000,1.5000,-0.5111,1.9528,-0.3339,1.9569,0.3150,1.6418
43.83,0.0000,1.5000,1.5000,-0.4268,1.9591,-0.2749,1.8823,0.2404,1.6418
43.93,0.0000,1.5000,1.5000,-0.3888,1.9650,-0.2274,1.8307,0.1888,1.6418
44.06,0.0000,1.5000,1.5000,-0.3577,1.9665,-0.1764,1.7765,0.1347,1.6418
44.19,0.0000,1.5000,1.5000,-0.3295,1.9902,-0.1123,1.7170,0.0752,1.6418
44.33,0.0000,1.5000,1.5000,-0.2966,1.9996,-0.0650,1.6694,0.0276,1.6418
44.43,0.0000,1.5000,1.5000,-0.2595,2.0002,-0.0346,1.6348,-0.0071,1.6418
44.56,0.0000,1.5000,1.5000,-0.1965,1.9891,0.0048,1.5854,-0.0564,1.6418
44.69,0.0000,1.5000,1.5000,-0.1110,1.9750,0.0476,1.5322,-0.1097,1.6418
44.79,0.0000,1.5000,1.5000,-0.0276,1.9500,0.0955,1.4751,-0.1668,1.6418
44.89,0.0000,1.5000,1.5000,0.0310,1.9101,0.1215,1.4386,-0.2033,1.6418
45.03,0.0000,1.5000,1.5000,0.0817,1.8707,0.1545,1.3980,-0.2439,1.6418
45.13,0.0000,1.5000,1.5000,0.0909,1.8384,0.1654,1.3798,-0.2620,1.6418
45.26,0.0000,1.5000,1.5000,0.0776,1.8026,0.1720,1.3642,-0.2776,1.6418
45.36,0.0000,1.5000,1.5000,0.0526,1.7672,0.1675,1.3600,-0.2818,1.6418
45.46,0.0000,1.5000,1.5000,0.0415,1.7348,0.1506,1.3704,-0.2715,1.6418
45.56,0.0000,1.5000,1.5000,0.0203,1.7069,0.1143,1.4013,-0.2406,1.6418
45.69,0.0000,1.5000,1.5000,0.0185,1.6500,0.0290,1.4787,-0.1631,1.6418
45.83,0.0000,1.5000,1.5000,0.0281,1.5553,-0.0825,1.5837,-0.0581,1.6418
45.93,0.0000,1.5000,1.5000,0.0566,1.4980,-0.1904,1.6914,0.0495,1.6418
46.06,0.0000,1.5000,1.5000,0.0883,1.5585,-0.2586,1.7618,0.1200,1.6418
46.16,0.0000,1.5000,1.5000,0.1120,1.6046,-0.3369,1.8432,0.2014,1.6418
46.29,0.0000,1.5000,1.5000,0.1347,1.5960,-0.4066,1.9137,0.2719,1.6418
46.39,0.0000,1.5000,1.5000,0.1506,1.6045,-0.4263,1.9350,0.2931,1.6418
46.49,0.0000,1.5000,1.5000,0.1580,1.6041,-0.4258,1.9351,0.2932,1.6418
46.60,0.0000,1.5000,1.5000,0.1595,1.5902,-0.3934,1.9022,0.2604,1.6418
46.73,0.0000,1.5000,1.5000,0.1471,1.5672,-0.3162,1.8234,0.1816,1.6418
46.83,0.0000,1.5000,1.5000,0.1302,1.5482,-0.2517,1.7572,0.1154,1.6418
46.96,0.0000,1.5000,1.5000,0.1087,1.5303,-0.1912,1.6950,0.0531,1.6418
47.06,0.0000,1.5000,1.5000,0.1024,1.5347,-0.1640,1.6675,0.0256,1.6418
47.19,0.0000,1.5000,1.5000,0.1048,1.5616,-0.1545,1.6590,0.0171,1.6418
47.29,0.0000,1.5000,1.5000,0.1028,1.5716,-0.1482,1.6530,0.0111,1.6418
47.43,0.0000,1.5000,1.5000,0.1152,1.5810,-0.1511,1.6571,0.0152,1.6418
47.53,0.0000,1.5000,1.5000,0.1257,1.5921,-0.1635,1.6708,0.0289,1.6418
47.63,0.0000,1.5000,1.5000,0.1263,1.5987,-0.1820,1.6896,0.0477,1.6418
47.73,0.0000,1.5000,1.5000,0.1292,1.6027,-0.1992,1.7072,0.0654,1.6418
47.86,0.0000,1.5000,1.5000,0.1302,1.6015,-0.2227,1.7306,0.0887,1.6418
47.99,0.0000,1.5000,1.5000,0.1275,1.6003,-0.2411,1.7486,0.1068,1.6418
48.10,0.0000,1.5000,1.5000,0.1262,1.6035,-0.2426,1.7502,0.1084,1.6418
48.23,0.0000,1.5000,1.5000,0.1231,1.5986,-0.2061,1.7134,0.0715,1.6418
48.33,0.0000,1.5000,1.5000,0.1226,1.6047,-0.1882,1.6959,0.0540,1.6418
48.43,0.0000,1.5000,1.5000,0.1162,1.6069,-0.1563,1.6639,0.0220,1.6418
48.56,0.0000,1.5000,1.5000,0.1111,1.5864,-0.0952,1.6014,-0.0405,1.6418
48.66,0.0000,1.5000,1.5000,0.1039,1.5611,-0.0377,1.5424,-0.0994,1.6418
48.79,0.0000,1.5000,1.5000,0.0858,1.5244,0.0230,1.4797,-0.1622,1.6418
48.89,0.0000,1.5000,1.5000,0.0827,1.5236,0.0671,1.4354,-0.2064,1.6418
49.03,0.0000,1.5000,1.5000,0.0735,1.5187,0.0968,1.4052,-0.2366,1.6418
49.16,0.0000,1.5000,1.5000,0.0633,1.5290,0.1157,1.3860,-0.2558,1.6418
49.29,0.0000,1.5000,1.5000,0.0557,1.5352,0.1283,1.3733,-0.2686,1.6418
49.43,0.0000,1.5000,1.5000,0.0466,1.5399,0.1351,1.3662,-0.2756,1.6418
49.53,0.0000,1.5000,1.5000,0.0398,1.5392,0.1349,1.3662,-0.2757,1.6418
49.66,0.0000,1.5000,1.5000,0.0302,1.5444,0.1178,1.3833,-0.2586,1.6418
49.79,0.0000,1.5000,1.5000,0.0226,1.5490,0.0963,1.4047,-0.2371,1.6418
49.89,0.0000,1.5000,1.5000,0.0161,1.5566,0.0793,1.4219,-0.2200,1.6418
49.99,0.0000,1.5000,1.5000,0.0123,1.5593,0.0722,1.4291,-0.2128,1.6418
50.09,0.0000,1.5000,1.5000,0.0054,1.5522,0.0664,1.4345,-0.2073,1.6418
50.21,0.0000,1.5000,1.5000,-0.0003,1.5459,0.0665,1.4342,-0.2076,1.6418
50.33,0.0000,1.5000,1.5000,-0.0052,1.5352,0.0663,1.4342,-0.2077,1.6418
50.43,0.0000,1.5000,1.5000,-0.0073,1.5284,0.0690,1.4313,-0.2105,1.6418
50.54,0.0000,1.5000,1.5000,-0.0098,1.5223,0.0696,1.4306,-0.2113,1.6418
50.64,0.0000,1.5000,1.5000,-0.0119,1.5212,0.0684,1.4319,-0.2100,1.6418
50.76,0.0000,1.5000,1.5000,-0.0161,1.5223,0.0660,1.4342,-0.2076,1.6418
50.88,0.0000,1.5000,1.5000,-0.0204,1.5226,0.0639,1.4364,-0.2055,1.6418
50.99,0.0000,1.5000,1.5000,-0.0236,1.5208,0.0618,1.4386,-0.2033,1.6418
51.09,0.0000,1.5000,1.5000,-0.0243,1.5203,0.0606,1.4398,-0.2021,1.6418
51.21,0.0000,1.5000,1.5000,-0.0245,1.5206,0.0593,1.4411,-0.2008,1.6418
51.33,0.0000,1.5000,1.5000,-0.0245,1.5221,0.0583,1.4421,-0.1998,1.6418
51.43,0.0000,1.5000,1.5000,-0.0242,1.5216,0.0588,1.4416,-0.2002,1.6418
51.54,0.0000,1.5000,1.5000,-0.0227,1.5193,0.0597,1.4407,-0.2012,1.6418
51.66,0.0000,1.5000,1.5000,-0.0219,1.5172,0.0608,1.4395,-0.2023,1.6418
51.76,0.0000,1.5000,1.5000,-0.0212,1.5170,0.0606,1.4396,-0.2022,1.6418
51.86,0.0000,1.5000,1.5000,-0.0209,1.5177,0.0609,1.4394,-0.2025,1.6418
51.98,0.0000,1.5000,1.5000,-0.0202,1.5170,0.0610,1.4393,-0.2026,1.6418
52.09,0.0000,1.5000,1.5000,-0.0196,1.5170,0.0602,1.4400,-0.2018,1.6418
52.19,0.0000,1.5000,1.5000,-0.0198,1.5178,0.0597,1.4405,-0.2013,1.6418
52.29,0.0000,1.5000,1.5000,-0.0202,1.5179,0.0590,1.4412,-0.2006,1.6418
52.41,0.0000,1.5000,1.5000,-0.0203,1.5181,0.0583,1.4420,-0.1999,1.6418
52.53,0.0000,1.5000,1.5000,-0.0200,1.5187,0.0581,1.4421,-0.1997,1.6418
52.64,0.0000,1.5000,1.5000,-0.0133,1.5191,0.0593,1.4409,-0.2010,1.6418
52.74,0.0000,1.5000,1.5000,-0.0072,1.5184,0.0597,1.4404,-0.2014,1.6418
52.86,0.0000,1.5000,1.5000,-0.0031,1.5179,0.0601,1.4400,-0.2019,1.6418
52.96,0.0000,1.5000,1.5000,-0.0044,1.5181,0.0600,1.4401,-0.2017,1.6418
53.08,0.0000,1.5000,1.5000,-0.0125,1.5180,0.0597,1.4405,-0.2014,1.6418
53.18,0.0000,1.5000,1.5000,-0.0186,1.5180,0.0594,1.4408,-0.2010,1.6418
53.29,0.0000,1.5000,1.5000,-0.0228,1.5170,0.0595,1.4408,-0.2011,1.6418
53.39,0.0000,1.5000,1.5000,-0.0234,1.5164,0.0603,1.4400,-0.2018,1.6418
53.51,0.0000,1.5000,1.5000,-0.0236,1.5162,0.0600,1.4402,-0.2016,1.6418
53.61,0.0000,1.5000,1.5000,-0.0229,1.5161,0.0599,1.4404,-0.2014,1.6418
53.71,0.0000,1.5000,1.5000,-0.0225,1.5159,0.0596,1.4406,-0.2012,1.6418
53.83,0.0000,1.5000,1.5000,-0.0219,1.5156,0.0598,1.4404,-0.2014,1.6418
53.93,0.0000,1.5000,1.5000,-0.0215,1.5152,0.0605,1.4398,-0.2021,1.6418
54.03,0.0000,1.5000,1.5000,-0.0204,1.5143,0.0612,1.4390,-0.2029,1.6418
54.13,0.0000,1.5000,1.5000,-0.0166,1.5140,0.0618,1.4383,-0.2035,1.6418
54.23,0.0000,1.5000,1.5000,-0.0128,1.5142,0.0617,1.4385,-0.2034,1.6418
54.34,0.0000,1.5000,1.5000,-0.0093,1.5146,0.0605,1.4396,-0.2022,1.6418
54.44,0.0000,1.5000,1.5000,-0.0087,1.5157,0.0592,1.4409,-0.2009,1.6418
54.56,0.0000,1.5000,1.5000,-0.0099,1.5165,0.0584,1.4417,-0.2001,1.6418
54.66,0.0000,1.5000,1.5000,-0.0109,1.5165,0.0581,1.4420,-0.1999,1.6418
54.76,0.0000,1.5000,1.5000,-0.0116,1.5166,0.0581,1.4420,-0.1998,1.6418
54.88,0.0000,1.5000,1.5000,-0.0118,1.5163,0.0581,1.4421,-0.1998,1.6418
54.98,0.0000,1.5000,1.5000,-0.0122,1.5165,0.0579,1.4422,-0.1996,1.6418
55.09,0.0000,1.5000,1.5000,-0.0127,1.5163,0.0578,1.4423,-0.1995,1.6418
55.19,0.0000,1.5000,1.5000,-0.0132,1.5159,0.0583,1.4419,-0.2000,1.6418
55.29,0.0000,1.5000,1.5000,-0.0137,1.5150,0.0581,1.4421,-0.1998,1.6418
55.41,0.0000,1.5000,1.5000,-0.0133,1.5148,0.0584,1.4418,-0.2001,1.6418
55.53,0.0000,1.5000,1.5000,-0.0119,1.5138,0.0582,1.4420,-0.1999,1.6418
55.63,0.0000,1.5000,1.5000,-0.0091,1.5145,0.0565,1.4436,-0.1983,1.6418
55.73,0.0000,1.5000,1.5000,-0.0028,1.5163,0.0532,1.4469,-0.1950,1.6418
55.83,0.0000,1.5000,1.5000,0.0071,1.5182,0.0485,1.4517,-0.1902,1.6418
55.94,0.0000,1.5000,1.5000,0.0189,1.5269,0.0377,1.4627,-0.1792,1.6418
56.04,0.0000,1.5000,1.5000,0.0213,1.5315,0.0330,1.4675,-0.1744,1.6418
56.14,0.0000,1.5000,1.5000,0.0253,1.5349,0.0298,1.4709,-0.1710,1.6418
56.24,0.0000,1.5000,1.5000,0.0296,1.5352,0.0292,1.4715,-0.1703,1.6418
56.36,0.0000,1.5000,1.5000,0.0293,1.5320,0.0332,1.4675,-0.1744,1.6418
56.46,0.0000,1.5000,1.5000,0.0274,1.5263,0.0383,1.4622,-0.1796,1.6418
56.58,0.0000,1.5000,1.5000,0.0259,1.5202,0.0438,1.4566,-0.1853,1.6418
56.68,0.0000,1.500